name,aupr,aupr_ci_b,aupr_ci_t,biased_f1,biased_f1_ci_b,biased_f1_ci_t,biased_precision,biased_recall,mixed_f1,mixed_f1_ci_b,mixed_f1_ci_t,mixed_precision,mixed_recall
Logistic Regression Sick Biased,0.339350477599,0.119616701317,0.716443019376,0.665648854962,0.619899775368,0.708825414781,0.575197889182,0.789855072464,0.481101977627,0.189691106568,0.731964227777,0.389241251298,0.629714187884
Logistic Regression Sick Gold,0.151503910556,0.0313771372899,0.327446382946,0.455696202532,0.404936216683,0.501362963913,0.372413793103,0.586956521739,0.129295228662,0.0127933488186,0.350007756138,0.121460740525,0.138210086927
Logistic Regression Sick Silver,0.377347420182,0.0453323443565,0.67211000212,0.646853146853,0.598794456541,0.690148263976,0.625,0.670289855072,0.244065377029,0.0273186141315,0.573527545903,0.924385088835,0.140593083
Random Forest Sick Biased,0.458306837828,0.134370684549,0.727296743822,0.657627118644,0.612463606547,0.702104353941,0.617834394904,0.702898550725,0.320738407214,0.027000945777,0.624906827498,0.411079036343,0.262951065614
Random Forest Sick Gold,0.0794556049082,0.0366676097188,0.212168895787,0.5250501002,0.472007529423,0.572577982398,0.587443946188,0.474637681159,0.0214426407281,0.0130612127344,0.0485724146022,0.051033747759,0.013572716764
Random Forest Sick Silver,0.358148135066,0.0828088139668,0.658429375501,0.645484949833,0.603159340659,0.690239584457,0.599378881988,0.699275362319,0.376130829403,0.033229339738,0.711466441387,0.661021208333,0.26284745709
SVM Sick Biased,0.358629424627,0.134868754821,0.740363070973,0.674015748031,0.628858615611,0.715545332746,0.596100278552,0.775362318841,0.504589959097,0.201990911366,0.757270205128,0.421133044887,0.629299753784
SVM Sick Gold,0.442648938639,0.182726525397,0.807342393808,0.648199445983,0.607045871778,0.687989062415,0.52466367713,0.847826086957,0.407416822956,0.106968865599,0.664577187697,0.339214507946,0.509946418392
SVM Sick Silver,0.434108572961,0.134984687163,0.755539825672,0.595289079229,0.541282948969,0.649087221095,0.727748691099,0.503623188406,0.215147730203,0.0184718337342,0.572127070467,0.517160244878,0.135827090854
